{
    "counter": {
        "ACTIVE": 13516,
        "INACTIVE": 123,
        "INVALID": 0,
        "MALICIOUS": 0,
        "SANE": 0,
        "VALID": 0,
        "total": 13639
    },
    "percentage": {
        "ACTIVE": 99.09817435295842,
        "INACTIVE": 0.9028185554903112,
        "INVALID": 0,
        "MALICIOUS": 0,
        "SANE": 0,
        "VALID": 0,
        "total": 100.00099290844874
    }
}