{
    "counter": {
        "ACTIVE": 3661,
        "INACTIVE": 1563,
        "INVALID": 0,
        "MALICIOUS": 0,
        "SANE": 0,
        "VALID": 0,
        "total": 5224
    },
    "percentage": {
        "ACTIVE": 70.1206665389772,
        "INACTIVE": 29.919601837672282,
        "INVALID": 0,
        "MALICIOUS": 0,
        "SANE": 0,
        "VALID": 0,
        "total": 100.0402683766495
    }
}