{
    "counter": {
        "ACTIVE": 11986,
        "INACTIVE": 2676,
        "INVALID": 9,
        "MALICIOUS": 0,
        "SANE": 0,
        "VALID": 0,
        "total": 14671
    },
    "percentage": {
        "ACTIVE": 81.69858905323427,
        "INACTIVE": 18.269952891377073,
        "INVALID": 0.07119126720455624,
        "MALICIOUS": 0,
        "SANE": 0,
        "VALID": 0,
        "total": 100.0397332118159
    }
}