{
    "counter": {
        "ACTIVE": 13933,
        "INACTIVE": 163,
        "INVALID": 0,
        "MALICIOUS": 0,
        "SANE": 0,
        "VALID": 0,
        "total": 14096
    },
    "percentage": {
        "ACTIVE": 98.84364358683314,
        "INACTIVE": 1.1576704545454546,
        "INVALID": 0,
        "MALICIOUS": 0,
        "SANE": 0,
        "VALID": 0,
        "total": 100.00131404137859
    }
}