{
    "counter": {
        "ACTIVE": 13233,
        "INACTIVE": 119,
        "INVALID": 0,
        "MALICIOUS": 0,
        "SANE": 0,
        "VALID": 0,
        "total": 13352
    },
    "percentage": {
        "ACTIVE": 99.1087477531456,
        "INACTIVE": 0.9016517654190028,
        "INVALID": 0,
        "MALICIOUS": 0,
        "SANE": 0,
        "VALID": 0,
        "total": 100.0103995185646
    }
}