{
    "counter": {
        "ACTIVE": 246,
        "INACTIVE": 41,
        "INVALID": 3,
        "MALICIOUS": 0,
        "SANE": 0,
        "VALID": 0,
        "total": 290
    },
    "percentage": {
        "ACTIVE": 84.82758620689656,
        "INACTIVE": 14.695340501792115,
        "INVALID": 1.7142857142857142,
        "MALICIOUS": 0,
        "SANE": 0,
        "VALID": 0,
        "total": 101.23721242297438
    }
}