{
    "counter": {
        "ACTIVE": 14319,
        "INACTIVE": 3327,
        "INVALID": 10,
        "MALICIOUS": 0,
        "SANE": 0,
        "VALID": 0,
        "total": 17656
    },
    "percentage": {
        "ACTIVE": 81.09990937924785,
        "INACTIVE": 18.844519966015294,
        "INVALID": 0.06482141699617554,
        "MALICIOUS": 0,
        "SANE": 0,
        "VALID": 0,
        "total": 100.00925076225933
    }
}