{
    "counter": {
        "ACTIVE": 14002,
        "INACTIVE": 3289,
        "INVALID": 10,
        "MALICIOUS": 0,
        "SANE": 0,
        "VALID": 0,
        "total": 17301
    },
    "percentage": {
        "ACTIVE": 80.93173804982371,
        "INACTIVE": 19.012659691311637,
        "INVALID": 0.06482141699617554,
        "MALICIOUS": 0,
        "SANE": 0,
        "VALID": 0,
        "total": 100.00921915813153
    }
}