{
    "counter": {
        "ACTIVE": 14191,
        "INACTIVE": 183,
        "INVALID": 0,
        "MALICIOUS": 0,
        "SANE": 0,
        "VALID": 0,
        "total": 14374
    },
    "percentage": {
        "ACTIVE": 98.72686795603173,
        "INACTIVE": 1.273841013504107,
        "INVALID": 0,
        "MALICIOUS": 0,
        "SANE": 0,
        "VALID": 0,
        "total": 100.00070896953584
    }
}