{
    "counter": {
        "ACTIVE": 4000,
        "INACTIVE": 465,
        "INVALID": 9,
        "MALICIOUS": 0,
        "SANE": 0,
        "VALID": 0,
        "total": 4474
    },
    "percentage": {
        "ACTIVE": 89.4054537326777,
        "INACTIVE": 10.39570757880617,
        "INVALID": 0.4437869822485207,
        "MALICIOUS": 0,
        "SANE": 0,
        "VALID": 0,
        "total": 100.24494829373239
    }
}