{
    "counter": {
        "ACTIVE": 14784,
        "INACTIVE": 3377,
        "INVALID": 10,
        "MALICIOUS": 0,
        "SANE": 0,
        "VALID": 0,
        "total": 18171
    },
    "percentage": {
        "ACTIVE": 81.36040944361895,
        "INACTIVE": 18.58660355550663,
        "INVALID": 0.06482141699617554,
        "MALICIOUS": 0,
        "SANE": 0,
        "VALID": 0,
        "total": 100.01183441612176
    }
}