{
    "counter": {
        "ACTIVE": 3976,
        "INACTIVE": 458,
        "INVALID": 9,
        "MALICIOUS": 0,
        "SANE": 0,
        "VALID": 0,
        "total": 4443
    },
    "percentage": {
        "ACTIVE": 89.5092300765421,
        "INACTIVE": 10.308350213819491,
        "INVALID": 0.4437869822485207,
        "MALICIOUS": 0,
        "SANE": 0,
        "VALID": 0,
        "total": 100.26136727261012
    }
}