{
    "counter": {
        "ACTIVE": 13833,
        "INACTIVE": 141,
        "INVALID": 0,
        "MALICIOUS": 0,
        "SANE": 0,
        "VALID": 0,
        "total": 13974
    },
    "percentage": {
        "ACTIVE": 98.99098325461571,
        "INACTIVE": 1.0090889572747441,
        "INVALID": 0,
        "MALICIOUS": 0,
        "SANE": 0,
        "VALID": 0,
        "total": 100.00007221189045
    }
}