{
    "counter": {
        "ACTIVE": 12927,
        "INACTIVE": 3163,
        "INVALID": 10,
        "MALICIOUS": 0,
        "SANE": 0,
        "VALID": 0,
        "total": 16100
    },
    "percentage": {
        "ACTIVE": 80.2919254658385,
        "INACTIVE": 19.823263975933816,
        "INVALID": 0.06482141699617554,
        "MALICIOUS": 0,
        "SANE": 0,
        "VALID": 0,
        "total": 100.1800108587685
    }
}