{
    "counter": {
        "ACTIVE": 3933,
        "INACTIVE": 442,
        "INVALID": 9,
        "MALICIOUS": 0,
        "SANE": 0,
        "VALID": 0,
        "total": 4384
    },
    "percentage": {
        "ACTIVE": 89.71259124087591,
        "INACTIVE": 10.084417065936574,
        "INVALID": 0.4437869822485207,
        "MALICIOUS": 0,
        "SANE": 0,
        "VALID": 0,
        "total": 100.24079528906101
    }
}