{
    "counter": {
        "ACTIVE": 14175,
        "INACTIVE": 3304,
        "INVALID": 10,
        "MALICIOUS": 0,
        "SANE": 0,
        "VALID": 0,
        "total": 17489
    },
    "percentage": {
        "ACTIVE": 81.05094630910858,
        "INACTIVE": 18.8951160928743,
        "INVALID": 0.06482141699617554,
        "MALICIOUS": 0,
        "SANE": 0,
        "VALID": 0,
        "total": 100.01088381897907
    }
}