{
    "counter": {
        "ACTIVE": 14401,
        "INACTIVE": 270,
        "INVALID": 0,
        "MALICIOUS": 0,
        "SANE": 0,
        "VALID": 0,
        "total": 14671
    },
    "percentage": {
        "ACTIVE": 98.15963465339786,
        "INACTIVE": 1.8407417507499317,
        "INVALID": 0,
        "MALICIOUS": 0,
        "SANE": 0,
        "VALID": 0,
        "total": 100.00037640414779
    }
}