{
    "counter": {
        "ACTIVE": 855,
        "INACTIVE": 145,
        "INVALID": 5,
        "MALICIOUS": 0,
        "SANE": 0,
        "VALID": 0,
        "total": 1005
    },
    "percentage": {
        "ACTIVE": 85.07462686567165,
        "INACTIVE": 14.543630892678035,
        "INVALID": 0.5694760820045558,
        "MALICIOUS": 0,
        "SANE": 0,
        "VALID": 0,
        "total": 100.18773384035424
    }
}