{
    "counter": {
        "ACTIVE": 12924,
        "INACTIVE": 3163,
        "INVALID": 10,
        "MALICIOUS": 0,
        "SANE": 0,
        "VALID": 0,
        "total": 16097
    },
    "percentage": {
        "ACTIVE": 80.28825246940424,
        "INACTIVE": 19.823263975933816,
        "INVALID": 0.06482141699617554,
        "MALICIOUS": 0,
        "SANE": 0,
        "VALID": 0,
        "total": 100.17633786233424
    }
}