{
    "counter": {
        "ACTIVE": 12407,
        "INACTIVE": 2849,
        "INVALID": 9,
        "MALICIOUS": 0,
        "SANE": 0,
        "VALID": 0,
        "total": 15265
    },
    "percentage": {
        "ACTIVE": 81.2827568134172,
        "INACTIVE": 18.663609564362922,
        "INVALID": 0.07119126720455624,
        "MALICIOUS": 0,
        "SANE": 0,
        "VALID": 0,
        "total": 100.01755764498468
    }
}