{
    "counter": {
        "ACTIVE": 2174,
        "INACTIVE": 45,
        "INVALID": 0,
        "MALICIOUS": 0,
        "SANE": 0,
        "VALID": 0,
        "total": 2219
    },
    "percentage": {
        "ACTIVE": 97.97205948625508,
        "INACTIVE": 2.0306859205776173,
        "INVALID": 0,
        "MALICIOUS": 0,
        "SANE": 0,
        "VALID": 0,
        "total": 100.00274540683269
    }
}