{
    "counter": {
        "ACTIVE": 3626,
        "INACTIVE": 416,
        "INVALID": 9,
        "MALICIOUS": 0,
        "SANE": 0,
        "VALID": 0,
        "total": 4051
    },
    "percentage": {
        "ACTIVE": 89.5087632683288,
        "INACTIVE": 10.307234886025768,
        "INVALID": 0.4437869822485207,
        "MALICIOUS": 0,
        "SANE": 0,
        "VALID": 0,
        "total": 100.2597851366031
    }
}