{
    "counter": {
        "ACTIVE": 4038,
        "INACTIVE": 468,
        "INVALID": 9,
        "MALICIOUS": 0,
        "SANE": 0,
        "VALID": 0,
        "total": 4515
    },
    "percentage": {
        "ACTIVE": 89.43521594684385,
        "INACTIVE": 10.376940133037694,
        "INVALID": 0.4437869822485207,
        "MALICIOUS": 0,
        "SANE": 0,
        "VALID": 0,
        "total": 100.25594306213007
    }
}