{
    "counter": {
        "ACTIVE": 13927,
        "INACTIVE": 163,
        "INVALID": 0,
        "MALICIOUS": 0,
        "SANE": 0,
        "VALID": 0,
        "total": 14090
    },
    "percentage": {
        "ACTIVE": 98.84315117104329,
        "INACTIVE": 1.1576704545454546,
        "INVALID": 0,
        "MALICIOUS": 0,
        "SANE": 0,
        "VALID": 0,
        "total": 100.00082162558874
    }
}