{
    "counter": {
        "ACTIVE": 3601,
        "INACTIVE": 413,
        "INVALID": 9,
        "MALICIOUS": 0,
        "SANE": 0,
        "VALID": 0,
        "total": 4023
    },
    "percentage": {
        "ACTIVE": 89.53257086026852,
        "INACTIVE": 10.265970668655232,
        "INVALID": 0.4437869822485207,
        "MALICIOUS": 0,
        "SANE": 0,
        "VALID": 0,
        "total": 100.24232851117227
    }
}