{
    "counter": {
        "ACTIVE": 12908,
        "INACTIVE": 3163,
        "INVALID": 10,
        "MALICIOUS": 0,
        "SANE": 0,
        "VALID": 0,
        "total": 16081
    },
    "percentage": {
        "ACTIVE": 80.26864000994964,
        "INACTIVE": 19.823263975933816,
        "INVALID": 0.06482141699617554,
        "MALICIOUS": 0,
        "SANE": 0,
        "VALID": 0,
        "total": 100.15672540287963
    }
}