{
    "counter": {
        "ACTIVE": 13222,
        "INACTIVE": 119,
        "INVALID": 0,
        "MALICIOUS": 0,
        "SANE": 0,
        "VALID": 0,
        "total": 13341
    },
    "percentage": {
        "ACTIVE": 99.10801289258676,
        "INACTIVE": 0.9016517654190028,
        "INVALID": 0,
        "MALICIOUS": 0,
        "SANE": 0,
        "VALID": 0,
        "total": 100.00966465800576
    }
}