{
    "counter": {
        "ACTIVE": 14456,
        "INACTIVE": 277,
        "INVALID": 0,
        "MALICIOUS": 0,
        "SANE": 0,
        "VALID": 0,
        "total": 14733
    },
    "percentage": {
        "ACTIVE": 98.11986696531596,
        "INACTIVE": 1.8803882967890841,
        "INVALID": 0,
        "MALICIOUS": 0,
        "SANE": 0,
        "VALID": 0,
        "total": 100.00025526210504
    }
}