{
    "counter": {
        "ACTIVE": 71,
        "INACTIVE": 13,
        "INVALID": 2,
        "MALICIOUS": 0,
        "SANE": 0,
        "VALID": 0,
        "total": 86
    },
    "percentage": {
        "ACTIVE": 82.55813953488372,
        "INACTIVE": 16.049382716049383,
        "INVALID": 2.3529411764705883,
        "MALICIOUS": 0,
        "SANE": 0,
        "VALID": 0,
        "total": 100.9604634274037
    }
}