{
    "counter": {
        "ACTIVE": 9903,
        "INACTIVE": 2531,
        "INVALID": 8,
        "MALICIOUS": 0,
        "SANE": 0,
        "VALID": 0,
        "total": 12442
    },
    "percentage": {
        "ACTIVE": 79.59331297219097,
        "INACTIVE": 20.362027353177794,
        "INVALID": 0.08456659619450317,
        "MALICIOUS": 0,
        "SANE": 0,
        "VALID": 0,
        "total": 100.03990692156327
    }
}