{
    "counter": {
        "ACTIVE": 3809,
        "INACTIVE": 431,
        "INVALID": 9,
        "MALICIOUS": 0,
        "SANE": 0,
        "VALID": 0,
        "total": 4249
    },
    "percentage": {
        "ACTIVE": 89.66572504708098,
        "INACTIVE": 10.143563191339139,
        "INVALID": 0.4437869822485207,
        "MALICIOUS": 0,
        "SANE": 0,
        "VALID": 0,
        "total": 100.25307522066865
    }
}