{
    "counter": {
        "ACTIVE": 14333,
        "INACTIVE": 260,
        "INVALID": 0,
        "MALICIOUS": 0,
        "SANE": 0,
        "VALID": 0,
        "total": 14593
    },
    "percentage": {
        "ACTIVE": 98.21832385390256,
        "INACTIVE": 1.782286811077598,
        "INVALID": 0,
        "MALICIOUS": 0,
        "SANE": 0,
        "VALID": 0,
        "total": 100.00061066498016
    }
}