{
    "counter": {
        "ACTIVE": 3996,
        "INACTIVE": 459,
        "INVALID": 9,
        "MALICIOUS": 0,
        "SANE": 0,
        "VALID": 0,
        "total": 4464
    },
    "percentage": {
        "ACTIVE": 89.51612903225806,
        "INACTIVE": 10.305343511450381,
        "INVALID": 0.4437869822485207,
        "MALICIOUS": 0,
        "SANE": 0,
        "VALID": 0,
        "total": 100.26525952595696
    }
}