{
    "counter": {
        "ACTIVE": 1789,
        "INACTIVE": 272,
        "INVALID": 9,
        "MALICIOUS": 0,
        "SANE": 0,
        "VALID": 0,
        "total": 2070
    },
    "percentage": {
        "ACTIVE": 86.42512077294685,
        "INACTIVE": 13.261823500731351,
        "INVALID": 0.4437869822485207,
        "MALICIOUS": 0,
        "SANE": 0,
        "VALID": 0,
        "total": 100.13073125592673
    }
}