{
    "counter": {
        "ACTIVE": 7234,
        "INACTIVE": 2052,
        "INVALID": 6,
        "MALICIOUS": 0,
        "SANE": 0,
        "VALID": 0,
        "total": 9292
    },
    "percentage": {
        "ACTIVE": 77.85191562634525,
        "INACTIVE": 22.10968645620084,
        "INVALID": 0.06540222367560497,
        "MALICIOUS": 0,
        "SANE": 0,
        "VALID": 0,
        "total": 100.02700430622168
    }
}