{
    "counter": {
        "ACTIVE": 3650,
        "INACTIVE": 439,
        "INVALID": 0,
        "MALICIOUS": 0,
        "SANE": 0,
        "VALID": 0,
        "total": 4089
    },
    "percentage": {
        "ACTIVE": 90.43607532210109,
        "INACTIVE": 10.736121301051602,
        "INVALID": 0,
        "MALICIOUS": 0,
        "SANE": 0,
        "VALID": 0,
        "total": 101.17219662315269
    }
}