{
    "counter": {
        "ACTIVE": 1728,
        "INACTIVE": 270,
        "INVALID": 8,
        "MALICIOUS": 0,
        "SANE": 0,
        "VALID": 0,
        "total": 2006
    },
    "percentage": {
        "ACTIVE": 86.14157527417747,
        "INACTIVE": 13.960703205791107,
        "INVALID": 0.44518642181413465,
        "MALICIOUS": 0,
        "SANE": 0,
        "VALID": 0,
        "total": 100.5474649017827
    }
}