{
    "counter": {
        "ACTIVE": 3978,
        "INACTIVE": 458,
        "INVALID": 9,
        "MALICIOUS": 0,
        "SANE": 0,
        "VALID": 0,
        "total": 4445
    },
    "percentage": {
        "ACTIVE": 89.49381327334083,
        "INACTIVE": 10.308350213819491,
        "INVALID": 0.4437869822485207,
        "MALICIOUS": 0,
        "SANE": 0,
        "VALID": 0,
        "total": 100.24595046940885
    }
}