{
    "counter": {
        "ACTIVE": 15508,
        "INACTIVE": 539,
        "INVALID": 0,
        "MALICIOUS": 0,
        "SANE": 0,
        "VALID": 0,
        "total": 16047
    },
    "percentage": {
        "ACTIVE": 96.64111671963607,
        "INACTIVE": 3.3603491271820447,
        "INVALID": 0,
        "MALICIOUS": 0,
        "SANE": 0,
        "VALID": 0,
        "total": 100.00146584681812
    }
}