{
    "counter": {
        "ACTIVE": 14177,
        "INACTIVE": 3304,
        "INVALID": 10,
        "MALICIOUS": 0,
        "SANE": 0,
        "VALID": 0,
        "total": 17491
    },
    "percentage": {
        "ACTIVE": 81.05311302955806,
        "INACTIVE": 18.8951160928743,
        "INVALID": 0.06482141699617554,
        "MALICIOUS": 0,
        "SANE": 0,
        "VALID": 0,
        "total": 100.01305053942855
    }
}