{
    "counter": {
        "ACTIVE": 1646,
        "INACTIVE": 269,
        "INVALID": 8,
        "MALICIOUS": 0,
        "SANE": 0,
        "VALID": 0,
        "total": 1923
    },
    "percentage": {
        "ACTIVE": 85.59542381695267,
        "INACTIVE": 14.308510638297872,
        "INVALID": 0.44518642181413465,
        "MALICIOUS": 0,
        "SANE": 0,
        "VALID": 0,
        "total": 100.34912087706468
    }
}