{
    "counter": {
        "ACTIVE": 14639,
        "INACTIVE": 3347,
        "INVALID": 10,
        "MALICIOUS": 0,
        "SANE": 0,
        "VALID": 0,
        "total": 17996
    },
    "percentage": {
        "ACTIVE": 81.34585463436319,
        "INACTIVE": 18.62030598052851,
        "INVALID": 0.06482141699617554,
        "MALICIOUS": 0,
        "SANE": 0,
        "VALID": 0,
        "total": 100.03098203188789
    }
}