{
    "counter": {
        "ACTIVE": 14289,
        "INACTIVE": 239,
        "INVALID": 0,
        "MALICIOUS": 0,
        "SANE": 0,
        "VALID": 0,
        "total": 14528
    },
    "percentage": {
        "ACTIVE": 98.35490088105728,
        "INACTIVE": 1.645212363185792,
        "INVALID": 0,
        "MALICIOUS": 0,
        "SANE": 0,
        "VALID": 0,
        "total": 100.00011324424307
    }
}