{
    "counter": {
        "ACTIVE": 2717,
        "INACTIVE": 321,
        "INVALID": 9,
        "MALICIOUS": 0,
        "SANE": 0,
        "VALID": 0,
        "total": 3047
    },
    "percentage": {
        "ACTIVE": 89.16967509025271,
        "INACTIVE": 10.629139072847682,
        "INVALID": 0.4437869822485207,
        "MALICIOUS": 0,
        "SANE": 0,
        "VALID": 0,
        "total": 100.24260114534891
    }
}