{
    "counter": {
        "ACTIVE": 4276,
        "INACTIVE": 523,
        "INVALID": 9,
        "MALICIOUS": 0,
        "SANE": 0,
        "VALID": 0,
        "total": 4808
    },
    "percentage": {
        "ACTIVE": 88.95360931974204,
        "INACTIVE": 10.877703826955075,
        "INVALID": 0.4437869822485207,
        "MALICIOUS": 0,
        "SANE": 0,
        "VALID": 0,
        "total": 100.27510012894564
    }
}