{
    "counter": {
        "ACTIVE": 12669,
        "INACTIVE": 3151,
        "INVALID": 10,
        "MALICIOUS": 0,
        "SANE": 0,
        "VALID": 0,
        "total": 15830
    },
    "percentage": {
        "ACTIVE": 80.03158559696779,
        "INACTIVE": 19.96072469276574,
        "INVALID": 0.06482141699617554,
        "MALICIOUS": 0,
        "SANE": 0,
        "VALID": 0,
        "total": 100.0571317067297
    }
}