{
    "counter": {
        "ACTIVE": 13744,
        "INACTIVE": 3223,
        "INVALID": 10,
        "MALICIOUS": 0,
        "SANE": 0,
        "VALID": 0,
        "total": 16977
    },
    "percentage": {
        "ACTIVE": 80.9565883253814,
        "INACTIVE": 18.992339422510312,
        "INVALID": 0.06482141699617554,
        "MALICIOUS": 0,
        "SANE": 0,
        "VALID": 0,
        "total": 100.0137491648879
    }
}