{
    "counter": {
        "ACTIVE": 14330,
        "INACTIVE": 260,
        "INVALID": 0,
        "MALICIOUS": 0,
        "SANE": 0,
        "VALID": 0,
        "total": 14590
    },
    "percentage": {
        "ACTIVE": 98.2179575051405,
        "INACTIVE": 1.782286811077598,
        "INVALID": 0,
        "MALICIOUS": 0,
        "SANE": 0,
        "VALID": 0,
        "total": 100.0002443162181
    }
}