{
    "counter": {
        "ACTIVE": 13863,
        "INACTIVE": 143,
        "INVALID": 0,
        "MALICIOUS": 0,
        "SANE": 0,
        "VALID": 0,
        "total": 14006
    },
    "percentage": {
        "ACTIVE": 98.97900899614451,
        "INACTIVE": 1.0231093940044358,
        "INVALID": 0,
        "MALICIOUS": 0,
        "SANE": 0,
        "VALID": 0,
        "total": 100.00211839014895
    }
}