{
    "counter": {
        "ACTIVE": 4209,
        "INACTIVE": 507,
        "INVALID": 9,
        "MALICIOUS": 0,
        "SANE": 0,
        "VALID": 0,
        "total": 4725
    },
    "percentage": {
        "ACTIVE": 89.0982218458933,
        "INACTIVE": 10.73015873015873,
        "INVALID": 0.4437869822485207,
        "MALICIOUS": 0,
        "SANE": 0,
        "VALID": 0,
        "total": 100.27216755830057
    }
}