{
    "counter": {
        "ACTIVE": 3665,
        "INACTIVE": 417,
        "INVALID": 9,
        "MALICIOUS": 0,
        "SANE": 0,
        "VALID": 0,
        "total": 4091
    },
    "percentage": {
        "ACTIVE": 89.5868980689318,
        "INACTIVE": 10.238153695065062,
        "INVALID": 0.4437869822485207,
        "MALICIOUS": 0,
        "SANE": 0,
        "VALID": 0,
        "total": 100.2688387462454
    }
}