{
    "counter": {
        "ACTIVE": 14273,
        "INACTIVE": 235,
        "INVALID": 0,
        "MALICIOUS": 0,
        "SANE": 0,
        "VALID": 0,
        "total": 14508
    },
    "percentage": {
        "ACTIVE": 98.38020402536532,
        "INACTIVE": 1.6203544094325313,
        "INVALID": 0,
        "MALICIOUS": 0,
        "SANE": 0,
        "VALID": 0,
        "total": 100.00055843479785
    }
}