{
    "counter": {
        "ACTIVE": 13845,
        "INACTIVE": 142,
        "INVALID": 0,
        "MALICIOUS": 0,
        "SANE": 0,
        "VALID": 0,
        "total": 13987
    },
    "percentage": {
        "ACTIVE": 98.98477157360406,
        "INACTIVE": 1.0159547828575517,
        "INVALID": 0,
        "MALICIOUS": 0,
        "SANE": 0,
        "VALID": 0,
        "total": 100.00072635646161
    }
}