{
    "counter": {
        "ACTIVE": 13644,
        "INACTIVE": 124,
        "INVALID": 0,
        "MALICIOUS": 0,
        "SANE": 0,
        "VALID": 0,
        "total": 13768
    },
    "percentage": {
        "ACTIVE": 99.09936083672284,
        "INACTIVE": 0.9084249084249084,
        "INVALID": 0,
        "MALICIOUS": 0,
        "SANE": 0,
        "VALID": 0,
        "total": 100.00778574514774
    }
}