{
    "counter": {
        "ACTIVE": 1184,
        "INACTIVE": 190,
        "INVALID": 6,
        "MALICIOUS": 0,
        "SANE": 0,
        "VALID": 0,
        "total": 1380
    },
    "percentage": {
        "ACTIVE": 85.79710144927536,
        "INACTIVE": 13.86861313868613,
        "INVALID": 0.47355958958168903,
        "MALICIOUS": 0,
        "SANE": 0,
        "VALID": 0,
        "total": 100.13927417754317
    }
}