{
    "counter": {
        "ACTIVE": 13242,
        "INACTIVE": 3187,
        "INVALID": 10,
        "MALICIOUS": 0,
        "SANE": 0,
        "VALID": 0,
        "total": 16439
    },
    "percentage": {
        "ACTIVE": 80.55234503315287,
        "INACTIVE": 19.400986181286907,
        "INVALID": 0.06482141699617554,
        "MALICIOUS": 0,
        "SANE": 0,
        "VALID": 0,
        "total": 100.01815263143597
    }
}