{
    "counter": {
        "ACTIVE": 15003,
        "INACTIVE": 3430,
        "INVALID": 10,
        "MALICIOUS": 0,
        "SANE": 0,
        "VALID": 0,
        "total": 18443
    },
    "percentage": {
        "ACTIVE": 81.34793688662366,
        "INACTIVE": 18.598850450059647,
        "INVALID": 0.06482141699617554,
        "MALICIOUS": 0,
        "SANE": 0,
        "VALID": 0,
        "total": 100.01160875367948
    }
}