{
    "counter": {
        "ACTIVE": 14997,
        "INACTIVE": 3429,
        "INVALID": 10,
        "MALICIOUS": 0,
        "SANE": 0,
        "VALID": 0,
        "total": 18436
    },
    "percentage": {
        "ACTIVE": 81.36834680700993,
        "INACTIVE": 18.59947927967021,
        "INVALID": 0.06482141699617554,
        "MALICIOUS": 0,
        "SANE": 0,
        "VALID": 0,
        "total": 100.03264750367632
    }
}