{
    "counter": {
        "ACTIVE": 12756,
        "INACTIVE": 3159,
        "INVALID": 10,
        "MALICIOUS": 0,
        "SANE": 0,
        "VALID": 0,
        "total": 15925
    },
    "percentage": {
        "ACTIVE": 80.10047095761381,
        "INACTIVE": 19.84545797210705,
        "INVALID": 0.06482141699617554,
        "MALICIOUS": 0,
        "SANE": 0,
        "VALID": 0,
        "total": 100.01075034671703
    }
}