{
    "counter": {
        "ACTIVE": 14193,
        "INACTIVE": 184,
        "INVALID": 0,
        "MALICIOUS": 0,
        "SANE": 0,
        "VALID": 0,
        "total": 14377
    },
    "percentage": {
        "ACTIVE": 98.7270450751252,
        "INACTIVE": 1.2798219378173472,
        "INVALID": 0,
        "MALICIOUS": 0,
        "SANE": 0,
        "VALID": 0,
        "total": 100.00686701294255
    }
}