{
    "counter": {
        "ACTIVE": 14442,
        "INACTIVE": 3341,
        "INVALID": 10,
        "MALICIOUS": 0,
        "SANE": 0,
        "VALID": 0,
        "total": 17793
    },
    "percentage": {
        "ACTIVE": 81.16675096948238,
        "INACTIVE": 18.788662692610504,
        "INVALID": 0.06482141699617554,
        "MALICIOUS": 0,
        "SANE": 0,
        "VALID": 0,
        "total": 100.02023507908906
    }
}