{
    "counter": {
        "ACTIVE": 13999,
        "INACTIVE": 3288,
        "INVALID": 10,
        "MALICIOUS": 0,
        "SANE": 0,
        "VALID": 0,
        "total": 17297
    },
    "percentage": {
        "ACTIVE": 80.93310978782448,
        "INACTIVE": 19.01017576318224,
        "INVALID": 0.06482141699617554,
        "MALICIOUS": 0,
        "SANE": 0,
        "VALID": 0,
        "total": 100.00810696800289
    }
}