{
    "counter": {
        "ACTIVE": 14845,
        "INACTIVE": 3379,
        "INVALID": 10,
        "MALICIOUS": 0,
        "SANE": 0,
        "VALID": 0,
        "total": 18234
    },
    "percentage": {
        "ACTIVE": 81.42723931764577,
        "INACTIVE": 18.531315125589558,
        "INVALID": 0.06482141699617554,
        "MALICIOUS": 0,
        "SANE": 0,
        "VALID": 0,
        "total": 100.02337586023151
    }
}