{
    "counter": {
        "ACTIVE": 10968,
        "INACTIVE": 2592,
        "INVALID": 9,
        "MALICIOUS": 0,
        "SANE": 0,
        "VALID": 0,
        "total": 13569
    },
    "percentage": {
        "ACTIVE": 80.83130665487508,
        "INACTIVE": 19.1390386177361,
        "INVALID": 0.07119126720455624,
        "MALICIOUS": 0,
        "SANE": 0,
        "VALID": 0,
        "total": 100.04153653981574
    }
}