{
    "counter": {
        "ACTIVE": 14288,
        "INACTIVE": 239,
        "INVALID": 0,
        "MALICIOUS": 0,
        "SANE": 0,
        "VALID": 0,
        "total": 14527
    },
    "percentage": {
        "ACTIVE": 98.36833046471601,
        "INACTIVE": 1.645212363185792,
        "INVALID": 0,
        "MALICIOUS": 0,
        "SANE": 0,
        "VALID": 0,
        "total": 100.0135428279018
    }
}