{
    "counter": {
        "ACTIVE": 13418,
        "INACTIVE": 3194,
        "INVALID": 10,
        "MALICIOUS": 0,
        "SANE": 0,
        "VALID": 0,
        "total": 16622
    },
    "percentage": {
        "ACTIVE": 80.72434123450849,
        "INACTIVE": 19.30142615421803,
        "INVALID": 0.06482141699617554,
        "MALICIOUS": 0,
        "SANE": 0,
        "VALID": 0,
        "total": 100.0905888057227
    }
}