{
    "counter": {
        "ACTIVE": 1703,
        "INACTIVE": 270,
        "INVALID": 8,
        "MALICIOUS": 0,
        "SANE": 0,
        "VALID": 0,
        "total": 1981
    },
    "percentage": {
        "ACTIVE": 85.96668349318526,
        "INACTIVE": 13.960703205791107,
        "INVALID": 0.44518642181413465,
        "MALICIOUS": 0,
        "SANE": 0,
        "VALID": 0,
        "total": 100.37257312079049
    }
}