{
    "counter": {
        "ACTIVE": 3819,
        "INACTIVE": 433,
        "INVALID": 9,
        "MALICIOUS": 0,
        "SANE": 0,
        "VALID": 0,
        "total": 4261
    },
    "percentage": {
        "ACTIVE": 89.64788732394366,
        "INACTIVE": 10.1619338183525,
        "INVALID": 0.4437869822485207,
        "MALICIOUS": 0,
        "SANE": 0,
        "VALID": 0,
        "total": 100.25360812454468
    }
}