{
    "counter": {
        "ACTIVE": 14488,
        "INACTIVE": 3342,
        "INVALID": 10,
        "MALICIOUS": 0,
        "SANE": 0,
        "VALID": 0,
        "total": 17840
    },
    "percentage": {
        "ACTIVE": 81.21076233183857,
        "INACTIVE": 18.756313839937143,
        "INVALID": 0.06482141699617554,
        "MALICIOUS": 0,
        "SANE": 0,
        "VALID": 0,
        "total": 100.0318975887719
    }
}