{
    "counter": {
        "ACTIVE": 1452,
        "INACTIVE": 239,
        "INVALID": 6,
        "MALICIOUS": 0,
        "SANE": 0,
        "VALID": 0,
        "total": 1697
    },
    "percentage": {
        "ACTIVE": 85.56275780789629,
        "INACTIVE": 14.091981132075471,
        "INVALID": 0.47355958958168903,
        "MALICIOUS": 0,
        "SANE": 0,
        "VALID": 0,
        "total": 100.12829852955345
    }
}