{
    "counter": {
        "ACTIVE": 13930,
        "INACTIVE": 163,
        "INVALID": 0,
        "MALICIOUS": 0,
        "SANE": 0,
        "VALID": 0,
        "total": 14093
    },
    "percentage": {
        "ACTIVE": 98.84339743134889,
        "INACTIVE": 1.1576704545454546,
        "INVALID": 0,
        "MALICIOUS": 0,
        "SANE": 0,
        "VALID": 0,
        "total": 100.00106788589434
    }
}