{
    "counter": {
        "ACTIVE": 13592,
        "INACTIVE": 124,
        "INVALID": 0,
        "MALICIOUS": 0,
        "SANE": 0,
        "VALID": 0,
        "total": 13716
    },
    "percentage": {
        "ACTIVE": 99.09594634004083,
        "INACTIVE": 0.9084249084249084,
        "INVALID": 0,
        "MALICIOUS": 0,
        "SANE": 0,
        "VALID": 0,
        "total": 100.00437124846573
    }
}