{
    "counter": {
        "ACTIVE": 12799,
        "INACTIVE": 85,
        "INVALID": 0,
        "MALICIOUS": 0,
        "SANE": 0,
        "VALID": 0,
        "total": 12884
    },
    "percentage": {
        "ACTIVE": 99.34026699782676,
        "INACTIVE": 0.7027697395618024,
        "INVALID": 0,
        "MALICIOUS": 0,
        "SANE": 0,
        "VALID": 0,
        "total": 100.04303673738856
    }
}