{
    "counter": {
        "ACTIVE": 14998,
        "INACTIVE": 3429,
        "INVALID": 10,
        "MALICIOUS": 0,
        "SANE": 0,
        "VALID": 0,
        "total": 18437
    },
    "percentage": {
        "ACTIVE": 81.3472907739871,
        "INACTIVE": 18.59947927967021,
        "INVALID": 0.06482141699617554,
        "MALICIOUS": 0,
        "SANE": 0,
        "VALID": 0,
        "total": 100.01159147065349
    }
}