{
    "counter": {
        "ACTIVE": 13998,
        "INACTIVE": 3288,
        "INVALID": 10,
        "MALICIOUS": 0,
        "SANE": 0,
        "VALID": 0,
        "total": 17296
    },
    "percentage": {
        "ACTIVE": 80.95072866065233,
        "INACTIVE": 19.01017576318224,
        "INVALID": 0.06482141699617554,
        "MALICIOUS": 0,
        "SANE": 0,
        "VALID": 0,
        "total": 100.02572584083075
    }
}