{
    "counter": {
        "ACTIVE": 13295,
        "INACTIVE": 119,
        "INVALID": 0,
        "MALICIOUS": 0,
        "SANE": 0,
        "VALID": 0,
        "total": 13414
    },
    "percentage": {
        "ACTIVE": 99.11286715371999,
        "INACTIVE": 0.9016517654190028,
        "INVALID": 0,
        "MALICIOUS": 0,
        "SANE": 0,
        "VALID": 0,
        "total": 100.014518919139
    }
}