{
    "counter": {
        "ACTIVE": 14870,
        "INACTIVE": 3382,
        "INVALID": 10,
        "MALICIOUS": 0,
        "SANE": 0,
        "VALID": 0,
        "total": 18262
    },
    "percentage": {
        "ACTIVE": 81.4259117292739,
        "INACTIVE": 18.523387008434657,
        "INVALID": 0.06482141699617554,
        "MALICIOUS": 0,
        "SANE": 0,
        "VALID": 0,
        "total": 100.01412015470474
    }
}