{
    "counter": {
        "ACTIVE": 4012,
        "INACTIVE": 466,
        "INVALID": 9,
        "MALICIOUS": 0,
        "SANE": 0,
        "VALID": 0,
        "total": 4487
    },
    "percentage": {
        "ACTIVE": 89.41386226877647,
        "INACTIVE": 10.408755863301318,
        "INVALID": 0.4437869822485207,
        "MALICIOUS": 0,
        "SANE": 0,
        "VALID": 0,
        "total": 100.26640511432632
    }
}