{
    "counter": {
        "ACTIVE": 412,
        "INACTIVE": 71,
        "INVALID": 3,
        "MALICIOUS": 0,
        "SANE": 0,
        "VALID": 0,
        "total": 486
    },
    "percentage": {
        "ACTIVE": 84.77366255144032,
        "INACTIVE": 14.699792960662526,
        "INVALID": 1.7142857142857142,
        "MALICIOUS": 0,
        "SANE": 0,
        "VALID": 0,
        "total": 101.18774122638855
    }
}