{
    "counter": {
        "ACTIVE": 1647,
        "INACTIVE": 269,
        "INVALID": 8,
        "MALICIOUS": 0,
        "SANE": 0,
        "VALID": 0,
        "total": 1924
    },
    "percentage": {
        "ACTIVE": 85.6029106029106,
        "INACTIVE": 14.308510638297872,
        "INVALID": 0.44518642181413465,
        "MALICIOUS": 0,
        "SANE": 0,
        "VALID": 0,
        "total": 100.3566076630226
    }
}