{
    "counter": {
        "ACTIVE": 1614,
        "INACTIVE": 269,
        "INVALID": 8,
        "MALICIOUS": 0,
        "SANE": 0,
        "VALID": 0,
        "total": 1891
    },
    "percentage": {
        "ACTIVE": 85.35166578529878,
        "INACTIVE": 14.308510638297872,
        "INVALID": 0.44518642181413465,
        "MALICIOUS": 0,
        "SANE": 0,
        "VALID": 0,
        "total": 100.10536284541078
    }
}