{
    "counter": {
        "ACTIVE": 1777,
        "INACTIVE": 272,
        "INVALID": 9,
        "MALICIOUS": 0,
        "SANE": 0,
        "VALID": 0,
        "total": 2058
    },
    "percentage": {
        "ACTIVE": 86.34596695821186,
        "INACTIVE": 13.261823500731351,
        "INVALID": 0.4437869822485207,
        "MALICIOUS": 0,
        "SANE": 0,
        "VALID": 0,
        "total": 100.05157744119174
    }
}