{
    "counter": {
        "ACTIVE": 14190,
        "INACTIVE": 183,
        "INVALID": 0,
        "MALICIOUS": 0,
        "SANE": 0,
        "VALID": 0,
        "total": 14373
    },
    "percentage": {
        "ACTIVE": 98.72677937800042,
        "INACTIVE": 1.273841013504107,
        "INVALID": 0,
        "MALICIOUS": 0,
        "SANE": 0,
        "VALID": 0,
        "total": 100.00062039150453
    }
}