{
    "counter": {
        "ACTIVE": 14403,
        "INACTIVE": 271,
        "INVALID": 0,
        "MALICIOUS": 0,
        "SANE": 0,
        "VALID": 0,
        "total": 14674
    },
    "percentage": {
        "ACTIVE": 98.15988550398691,
        "INACTIVE": 1.8468038707918768,
        "INVALID": 0,
        "MALICIOUS": 0,
        "SANE": 0,
        "VALID": 0,
        "total": 100.00668937477879
    }
}