{
    "counter": {
        "ACTIVE": 14328,
        "INACTIVE": 259,
        "INVALID": 0,
        "MALICIOUS": 0,
        "SANE": 0,
        "VALID": 0,
        "total": 14587
    },
    "percentage": {
        "ACTIVE": 98.22444642489889,
        "INACTIVE": 1.7764060356652949,
        "INVALID": 0,
        "MALICIOUS": 0,
        "SANE": 0,
        "VALID": 0,
        "total": 100.00085246056418
    }
}