{
    "counter": {
        "ACTIVE": 1965,
        "INACTIVE": 193,
        "INVALID": 0,
        "MALICIOUS": 0,
        "SANE": 0,
        "VALID": 0,
        "total": 2158
    },
    "percentage": {
        "ACTIVE": 91.05653382761817,
        "INACTIVE": 9.035580524344569,
        "INVALID": 0,
        "MALICIOUS": 0,
        "SANE": 0,
        "VALID": 0,
        "total": 100.09211435196273
    }
}