{
    "counter": {
        "ACTIVE": 3908,
        "INACTIVE": 440,
        "INVALID": 9,
        "MALICIOUS": 0,
        "SANE": 0,
        "VALID": 0,
        "total": 4357
    },
    "percentage": {
        "ACTIVE": 89.69474408997016,
        "INACTIVE": 10.103329506314582,
        "INVALID": 0.4437869822485207,
        "MALICIOUS": 0,
        "SANE": 0,
        "VALID": 0,
        "total": 100.24186057853326
    }
}