{
    "counter": {
        "ACTIVE": 14434,
        "INACTIVE": 3341,
        "INVALID": 10,
        "MALICIOUS": 0,
        "SANE": 0,
        "VALID": 0,
        "total": 17785
    },
    "percentage": {
        "ACTIVE": 81.15827944897386,
        "INACTIVE": 18.788662692610504,
        "INVALID": 0.06482141699617554,
        "MALICIOUS": 0,
        "SANE": 0,
        "VALID": 0,
        "total": 100.01176355858054
    }
}