{
    "counter": {
        "ACTIVE": 12463,
        "INACTIVE": 3019,
        "INVALID": 10,
        "MALICIOUS": 0,
        "SANE": 0,
        "VALID": 0,
        "total": 15492
    },
    "percentage": {
        "ACTIVE": 80.48953758718677,
        "INACTIVE": 19.487477407694293,
        "INVALID": 0.06482141699617554,
        "MALICIOUS": 0,
        "SANE": 0,
        "VALID": 0,
        "total": 100.04183641187726
    }
}