{
    "counter": {
        "ACTIVE": 13998,
        "INACTIVE": 3284,
        "INVALID": 10,
        "MALICIOUS": 0,
        "SANE": 0,
        "VALID": 0,
        "total": 17292
    },
    "percentage": {
        "ACTIVE": 80.95072866065233,
        "INACTIVE": 18.992539471401308,
        "INVALID": 0.06482141699617554,
        "MALICIOUS": 0,
        "SANE": 0,
        "VALID": 0,
        "total": 100.00808954904983
    }
}