{
    "counter": {
        "ACTIVE": 3737,
        "INACTIVE": 426,
        "INVALID": 9,
        "MALICIOUS": 0,
        "SANE": 0,
        "VALID": 0,
        "total": 4172
    },
    "percentage": {
        "ACTIVE": 89.57334611697028,
        "INACTIVE": 10.215827338129497,
        "INVALID": 0.4437869822485207,
        "MALICIOUS": 0,
        "SANE": 0,
        "VALID": 0,
        "total": 100.23296043734831
    }
}