{
    "counter": {
        "ACTIVE": 8615,
        "INACTIVE": 2439,
        "INVALID": 8,
        "MALICIOUS": 0,
        "SANE": 0,
        "VALID": 0,
        "total": 11062
    },
    "percentage": {
        "ACTIVE": 77.87922617971434,
        "INACTIVE": 22.05244122965642,
        "INVALID": 0.08456659619450317,
        "MALICIOUS": 0,
        "SANE": 0,
        "VALID": 0,
        "total": 100.01623400556527
    }
}