{
    "counter": {
        "ACTIVE": 13922,
        "INACTIVE": 163,
        "INVALID": 0,
        "MALICIOUS": 0,
        "SANE": 0,
        "VALID": 0,
        "total": 14085
    },
    "percentage": {
        "ACTIVE": 98.84274050408236,
        "INACTIVE": 1.1576704545454546,
        "INVALID": 0,
        "MALICIOUS": 0,
        "SANE": 0,
        "VALID": 0,
        "total": 100.00041095862781
    }
}