{
    "counter": {
        "ACTIVE": 14328,
        "INACTIVE": 260,
        "INVALID": 0,
        "MALICIOUS": 0,
        "SANE": 0,
        "VALID": 0,
        "total": 14588
    },
    "percentage": {
        "ACTIVE": 98.22444642489889,
        "INACTIVE": 1.782286811077598,
        "INVALID": 0,
        "MALICIOUS": 0,
        "SANE": 0,
        "VALID": 0,
        "total": 100.00673323597648
    }
}