{
    "counter": {
        "ACTIVE": 3740,
        "INACTIVE": 426,
        "INVALID": 9,
        "MALICIOUS": 0,
        "SANE": 0,
        "VALID": 0,
        "total": 4175
    },
    "percentage": {
        "ACTIVE": 89.58083832335329,
        "INACTIVE": 10.215827338129497,
        "INVALID": 0.4437869822485207,
        "MALICIOUS": 0,
        "SANE": 0,
        "VALID": 0,
        "total": 100.24045264373132
    }
}