{
    "counter": {
        "ACTIVE": 10590,
        "INACTIVE": 2575,
        "INVALID": 9,
        "MALICIOUS": 0,
        "SANE": 0,
        "VALID": 0,
        "total": 13174
    },
    "percentage": {
        "ACTIVE": 80.38560801578868,
        "INACTIVE": 19.547559401806726,
        "INVALID": 0.07119126720455624,
        "MALICIOUS": 0,
        "SANE": 0,
        "VALID": 0,
        "total": 100.00435868479995
    }
}