{
    "counter": {
        "ACTIVE": 14288,
        "INACTIVE": 237,
        "INVALID": 0,
        "MALICIOUS": 0,
        "SANE": 0,
        "VALID": 0,
        "total": 14525
    },
    "percentage": {
        "ACTIVE": 98.36833046471601,
        "INACTIVE": 1.6325687125439141,
        "INVALID": 0,
        "MALICIOUS": 0,
        "SANE": 0,
        "VALID": 0,
        "total": 100.00089917725992
    }
}