{
    "counter": {
        "ACTIVE": 13998,
        "INACTIVE": 3286,
        "INVALID": 10,
        "MALICIOUS": 0,
        "SANE": 0,
        "VALID": 0,
        "total": 17294
    },
    "percentage": {
        "ACTIVE": 80.95072866065233,
        "INACTIVE": 19.000809529316527,
        "INVALID": 0.06482141699617554,
        "MALICIOUS": 0,
        "SANE": 0,
        "VALID": 0,
        "total": 100.01635960696504
    }
}