{
    "counter": {
        "ACTIVE": 12446,
        "INACTIVE": 85,
        "INVALID": 0,
        "MALICIOUS": 0,
        "SANE": 0,
        "VALID": 0,
        "total": 12531
    },
    "percentage": {
        "ACTIVE": 99.32168222807438,
        "INACTIVE": 0.7027697395618024,
        "INVALID": 0,
        "MALICIOUS": 0,
        "SANE": 0,
        "VALID": 0,
        "total": 100.02445196763618
    }
}