{
    "counter": {
        "ACTIVE": 14410,
        "INACTIVE": 271,
        "INVALID": 0,
        "MALICIOUS": 0,
        "SANE": 0,
        "VALID": 0,
        "total": 14681
    },
    "percentage": {
        "ACTIVE": 98.15407669777264,
        "INACTIVE": 1.8468038707918768,
        "INVALID": 0,
        "MALICIOUS": 0,
        "SANE": 0,
        "VALID": 0,
        "total": 100.00088056856451
    }
}