{
    "counter": {
        "ACTIVE": 13006,
        "INACTIVE": 86,
        "INVALID": 0,
        "MALICIOUS": 0,
        "SANE": 0,
        "VALID": 0,
        "total": 13092
    },
    "percentage": {
        "ACTIVE": 99.34311029636419,
        "INACTIVE": 0.6622516556291391,
        "INVALID": 0,
        "MALICIOUS": 0,
        "SANE": 0,
        "VALID": 0,
        "total": 100.00536195199332
    }
}