{
    "counter": {
        "ACTIVE": 13222,
        "INACTIVE": 3186,
        "INVALID": 10,
        "MALICIOUS": 0,
        "SANE": 0,
        "VALID": 0,
        "total": 16418
    },
    "percentage": {
        "ACTIVE": 80.5335607260324,
        "INACTIVE": 19.43986820428336,
        "INVALID": 0.06482141699617554,
        "MALICIOUS": 0,
        "SANE": 0,
        "VALID": 0,
        "total": 100.03825034731194
    }
}