{
    "counter": {
        "ACTIVE": 3736,
        "INACTIVE": 426,
        "INVALID": 9,
        "MALICIOUS": 0,
        "SANE": 0,
        "VALID": 0,
        "total": 4171
    },
    "percentage": {
        "ACTIVE": 89.57084631982738,
        "INACTIVE": 10.215827338129497,
        "INVALID": 0.4437869822485207,
        "MALICIOUS": 0,
        "SANE": 0,
        "VALID": 0,
        "total": 100.23046064020541
    }
}