{
    "counter": {
        "ACTIVE": 13681,
        "INACTIVE": 124,
        "INVALID": 0,
        "MALICIOUS": 0,
        "SANE": 0,
        "VALID": 0,
        "total": 13805
    },
    "percentage": {
        "ACTIVE": 99.1017747193046,
        "INACTIVE": 0.9084249084249084,
        "INVALID": 0,
        "MALICIOUS": 0,
        "SANE": 0,
        "VALID": 0,
        "total": 100.0101996277295
    }
}