{
    "counter": {
        "ACTIVE": 13533,
        "INACTIVE": 124,
        "INVALID": 0,
        "MALICIOUS": 0,
        "SANE": 0,
        "VALID": 0,
        "total": 13657
    },
    "percentage": {
        "ACTIVE": 99.09204071172293,
        "INACTIVE": 0.9084249084249084,
        "INVALID": 0,
        "MALICIOUS": 0,
        "SANE": 0,
        "VALID": 0,
        "total": 100.00046562014784
    }
}