{
    "counter": {
        "ACTIVE": 13868,
        "INACTIVE": 3269,
        "INVALID": 10,
        "MALICIOUS": 0,
        "SANE": 0,
        "VALID": 0,
        "total": 17147
    },
    "percentage": {
        "ACTIVE": 80.87712136233743,
        "INACTIVE": 19.065671293596175,
        "INVALID": 0.06482141699617554,
        "MALICIOUS": 0,
        "SANE": 0,
        "VALID": 0,
        "total": 100.00761407292978
    }
}