{
    "counter": {
        "ACTIVE": 7851,
        "INACTIVE": 68,
        "INVALID": 0,
        "MALICIOUS": 0,
        "SANE": 0,
        "VALID": 0,
        "total": 7919
    },
    "percentage": {
        "ACTIVE": 99.14130572041924,
        "INACTIVE": 0.8733624454148472,
        "INVALID": 0,
        "MALICIOUS": 0,
        "SANE": 0,
        "VALID": 0,
        "total": 100.01466816583408
    }
}