{
    "counter": {
        "ACTIVE": 1730,
        "INACTIVE": 270,
        "INVALID": 8,
        "MALICIOUS": 0,
        "SANE": 0,
        "VALID": 0,
        "total": 2008
    },
    "percentage": {
        "ACTIVE": 86.15537848605578,
        "INACTIVE": 13.960703205791107,
        "INVALID": 0.44518642181413465,
        "MALICIOUS": 0,
        "SANE": 0,
        "VALID": 0,
        "total": 100.56126811366101
    }
}