{
    "counter": {
        "ACTIVE": 13249,
        "INACTIVE": 3187,
        "INVALID": 10,
        "MALICIOUS": 0,
        "SANE": 0,
        "VALID": 0,
        "total": 16446
    },
    "percentage": {
        "ACTIVE": 80.56062264380397,
        "INACTIVE": 19.400986181286907,
        "INVALID": 0.06482141699617554,
        "MALICIOUS": 0,
        "SANE": 0,
        "VALID": 0,
        "total": 100.02643024208706
    }
}