{
    "counter": {
        "ACTIVE": 3625,
        "INACTIVE": 416,
        "INVALID": 9,
        "MALICIOUS": 0,
        "SANE": 0,
        "VALID": 0,
        "total": 4050
    },
    "percentage": {
        "ACTIVE": 89.50617283950618,
        "INACTIVE": 10.307234886025768,
        "INVALID": 0.4437869822485207,
        "MALICIOUS": 0,
        "SANE": 0,
        "VALID": 0,
        "total": 100.25719470778047
    }
}