{
    "counter": {
        "ACTIVE": 13239,
        "INACTIVE": 119,
        "INVALID": 0,
        "MALICIOUS": 0,
        "SANE": 0,
        "VALID": 0,
        "total": 13358
    },
    "percentage": {
        "ACTIVE": 99.10914807605928,
        "INACTIVE": 0.9016517654190028,
        "INVALID": 0,
        "MALICIOUS": 0,
        "SANE": 0,
        "VALID": 0,
        "total": 100.01079984147829
    }
}