{
    "counter": {
        "ACTIVE": 1772,
        "INACTIVE": 272,
        "INVALID": 9,
        "MALICIOUS": 0,
        "SANE": 0,
        "VALID": 0,
        "total": 2053
    },
    "percentage": {
        "ACTIVE": 86.31271310277643,
        "INACTIVE": 13.261823500731351,
        "INVALID": 0.4437869822485207,
        "MALICIOUS": 0,
        "SANE": 0,
        "VALID": 0,
        "total": 100.0183235857563
    }
}