{
    "counter": {
        "ACTIVE": 12473,
        "INACTIVE": 3114,
        "INVALID": 10,
        "MALICIOUS": 0,
        "SANE": 0,
        "VALID": 0,
        "total": 15597
    },
    "percentage": {
        "ACTIVE": 79.97563477814825,
        "INACTIVE": 19.96537795729948,
        "INVALID": 0.06482141699617554,
        "MALICIOUS": 0,
        "SANE": 0,
        "VALID": 0,
        "total": 100.00583415244391
    }
}