{
    "counter": {
        "ACTIVE": 3536,
        "INACTIVE": 401,
        "INVALID": 9,
        "MALICIOUS": 0,
        "SANE": 0,
        "VALID": 0,
        "total": 3946
    },
    "percentage": {
        "ACTIVE": 89.60973137354283,
        "INACTIVE": 10.23742660199132,
        "INVALID": 0.4437869822485207,
        "MALICIOUS": 0,
        "SANE": 0,
        "VALID": 0,
        "total": 100.29094495778267
    }
}