{
    "counter": {
        "ACTIVE": 14202,
        "INACTIVE": 194,
        "INVALID": 0,
        "MALICIOUS": 0,
        "SANE": 0,
        "VALID": 0,
        "total": 14396
    },
    "percentage": {
        "ACTIVE": 98.65925668634942,
        "INACTIVE": 1.3475965545984996,
        "INVALID": 0,
        "MALICIOUS": 0,
        "SANE": 0,
        "VALID": 0,
        "total": 100.00685324094792
    }
}