{
    "counter": {
        "ACTIVE": 3851,
        "INACTIVE": 437,
        "INVALID": 9,
        "MALICIOUS": 0,
        "SANE": 0,
        "VALID": 0,
        "total": 4297
    },
    "percentage": {
        "ACTIVE": 89.62066558063765,
        "INACTIVE": 10.179361751688795,
        "INVALID": 0.4437869822485207,
        "MALICIOUS": 0,
        "SANE": 0,
        "VALID": 0,
        "total": 100.24381431457496
    }
}