{
    "counter": {
        "ACTIVE": 13330,
        "INACTIVE": 3188,
        "INVALID": 10,
        "MALICIOUS": 0,
        "SANE": 0,
        "VALID": 0,
        "total": 16528
    },
    "percentage": {
        "ACTIVE": 80.65101645692158,
        "INACTIVE": 19.294317012649035,
        "INVALID": 0.06482141699617554,
        "MALICIOUS": 0,
        "SANE": 0,
        "VALID": 0,
        "total": 100.0101548865668
    }
}