{
    "counter": {
        "ACTIVE": 14409,
        "INACTIVE": 271,
        "INVALID": 0,
        "MALICIOUS": 0,
        "SANE": 0,
        "VALID": 0,
        "total": 14680
    },
    "percentage": {
        "ACTIVE": 98.15395095367847,
        "INACTIVE": 1.8468038707918768,
        "INVALID": 0,
        "MALICIOUS": 0,
        "SANE": 0,
        "VALID": 0,
        "total": 100.00075482447035
    }
}