{
    "counter": {
        "ACTIVE": 13647,
        "INACTIVE": 3218,
        "INVALID": 10,
        "MALICIOUS": 0,
        "SANE": 0,
        "VALID": 0,
        "total": 16875
    },
    "percentage": {
        "ACTIVE": 80.8711111111111,
        "INACTIVE": 19.097922848664687,
        "INVALID": 0.06482141699617554,
        "MALICIOUS": 0,
        "SANE": 0,
        "VALID": 0,
        "total": 100.03385537677198
    }
}