{
    "counter": {
        "ACTIVE": 13935,
        "INACTIVE": 165,
        "INVALID": 0,
        "MALICIOUS": 0,
        "SANE": 0,
        "VALID": 0,
        "total": 14100
    },
    "percentage": {
        "ACTIVE": 98.84380763228826,
        "INACTIVE": 1.1702127659574468,
        "INVALID": 0,
        "MALICIOUS": 0,
        "SANE": 0,
        "VALID": 0,
        "total": 100.0140203982457
    }
}