{
    "counter": {
        "ACTIVE": 3766,
        "INACTIVE": 428,
        "INVALID": 9,
        "MALICIOUS": 0,
        "SANE": 0,
        "VALID": 0,
        "total": 4203
    },
    "percentage": {
        "ACTIVE": 89.60266476326433,
        "INACTIVE": 10.205054840247973,
        "INVALID": 0.4437869822485207,
        "MALICIOUS": 0,
        "SANE": 0,
        "VALID": 0,
        "total": 100.25150658576082
    }
}