{
    "counter": {
        "ALIBABA.COM SINGAPORE E-COMMERCE PRIVATE LIMITED": 3,
        "Alibaba Cloud Computing Ltd.": 2,
        "Eranet International Limited": 1,
        "GMO Internet, Inc. d/b/a Onamae.com": 1,
        "GoDaddy.com, LLC": 1,
        "GoServeYourDomain.com LLC": 1,
        "Hosting Concepts B.V. d/b/a Registrar.eu": 1,
        "Hosting Ukraine LLC": 1,
        "Hosting Ukraine LLC.": 1,
        "Hostinger, UAB": 1,
        "MAT BAO CORPORATION": 1,
        "Name.com, Inc.": 1,
        "NameCheap, Inc.": 6,
        "NameSilo, LLC": 1,
        "Namecheap": 6,
        "Namecheap, Inc.": 1,
        "PDR Ltd. d/b/a PublicDomainRegistry.com": 4,
        "REGISTRAR OF DOMAIN NAMES REG.RU LLC": 2,
        "ROUTEDGE": 1,
        "Registrar of Domain Names REG.RU, LLC": 3,
        "Sav.com LLC": 1,
        "Sav.com, LLC": 2,
        "Tucows Domains Inc.": 1,
        "Wild West Domains, LLC": 1,
        "total": 44
    },
    "percentage": {
        "ALIBABA.COM SINGAPORE E-COMMERCE PRIVATE LIMITED": 6.818181818181818,
        "Alibaba Cloud Computing Ltd.": 4.545454545454546,
        "Eranet International Limited": 2.272727272727273,
        "GMO Internet, Inc. d/b/a Onamae.com": 2.272727272727273,
        "GoDaddy.com, LLC": 2.272727272727273,
        "GoServeYourDomain.com LLC": 2.272727272727273,
        "Hosting Concepts B.V. d/b/a Registrar.eu": 2.272727272727273,
        "Hosting Ukraine LLC": 2.272727272727273,
        "Hosting Ukraine LLC.": 2.272727272727273,
        "Hostinger, UAB": 2.272727272727273,
        "MAT BAO CORPORATION": 2.272727272727273,
        "Name.com, Inc.": 2.272727272727273,
        "NameCheap, Inc.": 13.636363636363637,
        "NameSilo, LLC": 2.272727272727273,
        "Namecheap": 13.636363636363637,
        "Namecheap, Inc.": 2.272727272727273,
        "PDR Ltd. d/b/a PublicDomainRegistry.com": 9.090909090909092,
        "REGISTRAR OF DOMAIN NAMES REG.RU LLC": 4.545454545454546,
        "ROUTEDGE": 2.272727272727273,
        "Registrar of Domain Names REG.RU, LLC": 6.818181818181818,
        "Sav.com LLC": 2.272727272727273,
        "Sav.com, LLC": 4.545454545454546,
        "Tucows Domains Inc.": 2.272727272727273,
        "Wild West Domains, LLC": 2.272727272727273,
        "total": 99.99999999999997
    }
}